Use la_costa_en_tu_casa;

# Tipo Empleado

insert into tipo_empleado (id_tipo_empleado, descripcion, salario_mensual) values (1, 'Social Worker', 2029382);
insert into tipo_empleado (id_tipo_empleado, descripcion, salario_mensual) values (2, 'Account Coordinator', 1938264);
insert into tipo_empleado (id_tipo_empleado, descripcion, salario_mensual) values (3, 'Physical Therapy Assistant', 1723158);
insert into tipo_empleado (id_tipo_empleado, descripcion, salario_mensual) values (4, 'Editor', 3080142);
insert into tipo_empleado (id_tipo_empleado, descripcion, salario_mensual) values (5, 'Senior Developer', 2318051);
insert into tipo_empleado (id_tipo_empleado, descripcion, salario_mensual) values (6, 'Civil Engineer', 3705564);
insert into tipo_empleado (id_tipo_empleado, descripcion, salario_mensual) values (7, 'Safety Technician IV', 3421384);
insert into tipo_empleado (id_tipo_empleado, descripcion, salario_mensual) values (8, 'Geologist III', 1040741);
insert into tipo_empleado (id_tipo_empleado, descripcion, salario_mensual) values (9, 'Office Assistant I', 2343725);
insert into tipo_empleado (id_tipo_empleado, descripcion, salario_mensual) values (10, 'Research Nurse', 3592693);

# ARL

insert into arl (id_ARL, nit_arl, nombre, ubicacion, numero_telefonico) values (1, 'C4-C7-7E-9F-B2-BF', 'Kare', '43076 American Pass', '+86 (848) 836-6142');
insert into arl (id_ARL, nit_arl, nombre, ubicacion, numero_telefonico) values (2, '1C-92-81-EB-19-F1', 'Fliptune', '1 Meadow Ridge Lane', '+54 (360) 511-9818');
insert into arl (id_ARL, nit_arl, nombre, ubicacion, numero_telefonico) values (3, '5C-14-38-4C-B6-82', 'Fatz', '84 Mifflin Junction', '+33 (193) 275-2940');
insert into arl (id_ARL, nit_arl, nombre, ubicacion, numero_telefonico) values (4, '4D-50-8E-08-5F-8A', 'Jetpulse', '33846 Rusk Center', '+1 (561) 661-5910');
insert into arl (id_ARL, nit_arl, nombre, ubicacion, numero_telefonico) values (5, '75-DA-A5-00-AE-7B', 'Eazzy', '64 Valley Edge Way', '+55 (991) 323-4648');
insert into arl (id_ARL, nit_arl, nombre, ubicacion, numero_telefonico) values (6, 'BA-85-47-21-61-56', 'Eayo', '903 Claremont Terrace', '+504 (494) 473-9773');
insert into arl (id_ARL, nit_arl, nombre, ubicacion, numero_telefonico) values (7, '99-04-60-7B-1C-FC', 'Meembee', '4 Milwaukee Lane', '+86 (806) 900-6601');
insert into arl (id_ARL, nit_arl, nombre, ubicacion, numero_telefonico) values (8, '02-E6-AD-B1-F4-4B', 'Jatri', '941 Dakota Pass', '+86 (484) 846-0376');
insert into arl (id_ARL, nit_arl, nombre, ubicacion, numero_telefonico) values (9, '72-E4-CF-1F-E7-0C', 'Gigazoom', '62 Tomscot Trail', '+86 (878) 513-1465');
insert into arl (id_ARL, nit_arl, nombre, ubicacion, numero_telefonico) values (10, '5A-8F-11-CD-76-0F', 'Zoonoodle', '09456 Northland Park', '+52 (866) 688-9598');

# EPS

insert into eps (id_EPS, nit_eps, nombre, correo, numero_telefonico) values (1, '5E-CF-1C-88-CA-32', 'Meetz', '071 Golf Plaza', '+62 (152) 362-2815');
insert into eps (id_EPS, nit_eps, nombre, correo, numero_telefonico) values (2, 'E3-75-44-D5-D5-58', 'Katz', '03 Wayridge Junction', '+48 (629) 318-8176');
insert into eps (id_EPS, nit_eps, nombre, correo, numero_telefonico) values (3, '76-81-B1-72-44-F3', 'Topicshots', '0 Westerfield Plaza', '+86 (762) 612-2088');
insert into eps (id_EPS, nit_eps, nombre, correo, numero_telefonico) values (4, '11-4A-45-23-68-6C', 'Ailane', '9611 Lyons Circle', '+62 (590) 627-4213');
insert into eps (id_EPS, nit_eps, nombre, correo, numero_telefonico) values (5, 'BA-0C-DA-94-A6-F9', 'Photobug', '13 Leroy Trail', '+46 (152) 185-9405');
insert into eps (id_EPS, nit_eps, nombre, correo, numero_telefonico) values (6, '16-B4-1A-ED-14-9D', 'Quatz', '37990 Sugar Junction', '+7 (106) 815-4688');
insert into eps (id_EPS, nit_eps, nombre, correo, numero_telefonico) values (7, 'EF-B4-E1-89-6A-3A', 'Gabtype', '321 Ridge Oak Lane', '+353 (103) 582-5368');
insert into eps (id_EPS, nit_eps, nombre, correo, numero_telefonico) values (8, '21-83-15-C1-05-EE', 'Kwimbee', '1 Chinook Terrace', '+62 (481) 309-8754');
insert into eps (id_EPS, nit_eps, nombre, correo, numero_telefonico) values (9, 'AE-23-03-5F-3F-21', 'Aibox', '798 Butterfield Hill', '+7 (639) 335-9578');
insert into eps (id_EPS, nit_eps, nombre, correo, numero_telefonico) values (10, '58-27-D3-28-0F-34', 'Gabtune', '51 Mifflin Road', '+86 (782) 482-3301');

# Fondo Pensión

insert into fondo_pension (id_Fondo_Pension, nit_Fondo_Pension, nombre, correo, numero_telefonico) values (1, 'D2-12-61-86-18-B9', 'Youbridge', '6 Oakridge Pass', '+86 (119) 563-2340');
insert into fondo_pension (id_Fondo_Pension, nit_Fondo_Pension, nombre, correo, numero_telefonico) values (2, '3F-D2-7F-A0-B3-88', 'Devbug', '137 Goodland Street', '+33 (613) 312-8464');
insert into fondo_pension (id_Fondo_Pension, nit_Fondo_Pension, nombre, correo, numero_telefonico) values (3, '45-1C-ED-07-23-A1', 'Fivebridge', '71 Nobel Alley', '+66 (468) 162-6190');
insert into fondo_pension (id_Fondo_Pension, nit_Fondo_Pension, nombre, correo, numero_telefonico) values (4, '3B-C3-EC-2D-A8-EB', 'Photolist', '333 Hanover Center', '+51 (363) 237-8280');
insert into fondo_pension (id_Fondo_Pension, nit_Fondo_Pension, nombre, correo, numero_telefonico) values (5, '9F-84-97-EF-33-46', 'Tavu', '142 Forster Drive', '+86 (415) 882-2019');
insert into fondo_pension (id_Fondo_Pension, nit_Fondo_Pension, nombre, correo, numero_telefonico) values (6, '03-7A-E5-18-06-5E', 'Fanoodle', '978 Dunning Crossing', '+33 (472) 966-3822');
insert into fondo_pension (id_Fondo_Pension, nit_Fondo_Pension, nombre, correo, numero_telefonico) values (7, 'C7-3D-E9-7A-8A-9E', 'Kwilith', '240 Lerdahl Avenue', '+263 (368) 794-8322');
insert into fondo_pension (id_Fondo_Pension, nit_Fondo_Pension, nombre, correo, numero_telefonico) values (8, 'A6-6A-AD-5E-FE-47', 'Avamba', '28412 Fisk Point', '+48 (503) 743-1329');
insert into fondo_pension (id_Fondo_Pension, nit_Fondo_Pension, nombre, correo, numero_telefonico) values (9, 'D7-51-1B-69-BF-16', 'Oba', '8293 Warner Court', '+86 (109) 278-6720');
insert into fondo_pension (id_Fondo_Pension, nit_Fondo_Pension, nombre, correo, numero_telefonico) values (10, 'B4-17-0C-8F-B0-A4', 'Yotz', '17867 Alpine Point', '+62 (164) 966-9439');

# Departamento

insert into departamento (id_Departamento, nombre) values (1, 'Arkansas');
insert into departamento (id_Departamento, nombre) values (2, 'Yanki');
insert into departamento (id_Departamento, nombre) values (3, 'Nevada');
insert into departamento (id_Departamento, nombre) values (4, 'BN City');
insert into departamento (id_Departamento, nombre) values (5, 'Boston');
insert into departamento (id_Departamento, nombre) values (6, 'Malson');
insert into departamento (id_Departamento, nombre) values (7, 'California');
insert into departamento (id_Departamento, nombre) values (8, 'Cansas');
insert into departamento (id_Departamento, nombre) values (9, 'Maldiva');
insert into departamento (id_Departamento, nombre) values (10, 'NevadaZelas');

# Ciudad

insert into ciudad (id_Ciudad, nombre, id_Departamento) values (1, 'Rybie', 6);
insert into ciudad (id_Ciudad, nombre, id_Departamento) values (2, 'Zaandam', 1);
insert into ciudad (id_Ciudad, nombre, id_Departamento) values (3, 'Miaoyu', 3);
insert into ciudad (id_Ciudad, nombre, id_Departamento) values (4, 'Pasembon', 7);
insert into ciudad (id_Ciudad, nombre, id_Departamento) values (5, 'Rio Negro', 8);
insert into ciudad (id_Ciudad, nombre, id_Departamento) values (6, 'Wangchang', 2);
insert into ciudad (id_Ciudad, nombre, id_Departamento) values (7, 'Puhechang', 7);
insert into ciudad (id_Ciudad, nombre, id_Departamento) values (8, 'Sa Pá', 8);
insert into ciudad (id_Ciudad, nombre, id_Departamento) values (9, 'Uitenhage', 5);
insert into ciudad (id_Ciudad, nombre, id_Departamento) values (10, 'Calbuco', 8);

# Sucursal

insert into sucursal (id_Sucursal, nombre, numero_empleados, id_Ciudad) values (1, 'oxymetazoline hcl', 35, 6);
insert into sucursal (id_Sucursal, nombre, numero_empleados, id_Ciudad) values (2, 'Yao Shen Gao Pain Relieving Plaster', 33, 5);
insert into sucursal (id_Sucursal, nombre, numero_empleados, id_Ciudad) values (3, 'Thiothixene', 37, 9);
insert into sucursal (id_Sucursal, nombre, numero_empleados, id_Ciudad) values (4, 'Pfizerpen', 25, 1);
insert into sucursal (id_Sucursal, nombre, numero_empleados, id_Ciudad) values (5, 'Sodium Sulfacetamide 9 Sulfur 4.5 Wash', 31, 10);
insert into sucursal (id_Sucursal, nombre, numero_empleados, id_Ciudad) values (6, 'Lactated Ringers', 36, 7);
insert into sucursal (id_Sucursal, nombre, numero_empleados, id_Ciudad) values (7, 'Perfecting Liquid Foundation Golden Bronze', 34, 2);
insert into sucursal (id_Sucursal, nombre, numero_empleados, id_Ciudad) values (8, 'CLINIMIX', 26, 9);
insert into sucursal (id_Sucursal, nombre, numero_empleados, id_Ciudad) values (9, 'CILOSTAZOL', 26, 4);
insert into sucursal (id_Sucursal, nombre, numero_empleados, id_Ciudad) values (10, 'Lady Speed Stick', 37, 5);

# Sistema Social

insert into sistema_social (id_Sistema_social, id_Fondo_Pension, id_EPS, id_ARL) values (1, 7, 4, 8);
insert into sistema_social (id_Sistema_social, id_Fondo_Pension, id_EPS, id_ARL) values (2, 1, 10, 10);
insert into sistema_social (id_Sistema_social, id_Fondo_Pension, id_EPS, id_ARL) values (3, 9, 3, 4);
insert into sistema_social (id_Sistema_social, id_Fondo_Pension, id_EPS, id_ARL) values (4, 4, 2, 4);
insert into sistema_social (id_Sistema_social, id_Fondo_Pension, id_EPS, id_ARL) values (5, 7, 2, 7);
insert into sistema_social (id_Sistema_social, id_Fondo_Pension, id_EPS, id_ARL) values (6, 1, 10, 7);
insert into sistema_social (id_Sistema_social, id_Fondo_Pension, id_EPS, id_ARL) values (7, 7, 10, 6);
insert into sistema_social (id_Sistema_social, id_Fondo_Pension, id_EPS, id_ARL) values (8, 7, 9, 5);
insert into sistema_social (id_Sistema_social, id_Fondo_Pension, id_EPS, id_ARL) values (9, 7, 2, 5);
insert into sistema_social (id_Sistema_social, id_Fondo_Pension, id_EPS, id_ARL) values (10, 7, 5, 1);

# Subgerente

insert into subgerente (doc_Subgerente, nombres, apellidos, numero_telefonico, correo_electronico, fecha_nacimiento, salario_mensual, id_Sucursal, id_Sistema_social) values (4830409, 'Wyatan', 'Ranby', '+86 (485) 919-7116', 'wranby0@theguardian.com', '2006-03-19', 7000000, 1, 4);
insert into subgerente (doc_Subgerente, nombres, apellidos, numero_telefonico, correo_electronico, fecha_nacimiento, salario_mensual, id_Sucursal, id_Sistema_social) values (2499406, 'Jenn', 'Rustadge', '+255 (145) 933-6936', 'jrustadge1@redcross.org', '2010-05-01', 7000000, 2, 4);
insert into subgerente (doc_Subgerente, nombres, apellidos, numero_telefonico, correo_electronico, fecha_nacimiento, salario_mensual, id_Sucursal, id_Sistema_social) values (2295447, 'Lorianna', 'Bumford', '+7 (744) 144-2314', 'lbumford2@yellowpages.com', '2008-09-14', 7000000, 3, 2);
insert into subgerente (doc_Subgerente, nombres, apellidos, numero_telefonico, correo_electronico, fecha_nacimiento, salario_mensual, id_Sucursal, id_Sistema_social) values (4528310, 'Annadiana', 'Handover', '+86 (723) 625-8589', 'ahandover3@booking.com', '2009-07-28', 7000000, 4, 7);
insert into subgerente (doc_Subgerente, nombres, apellidos, numero_telefonico, correo_electronico, fecha_nacimiento, salario_mensual, id_Sucursal, id_Sistema_social) values (2530068, 'Feodor', 'Johnigan', '+86 (883) 702-9415', 'fjohnigan4@pen.io', '2003-10-24', 7000000, 5, 7);
insert into subgerente (doc_Subgerente, nombres, apellidos, numero_telefonico, correo_electronico, fecha_nacimiento, salario_mensual, id_Sucursal, id_Sistema_social) values (5588008, 'Rowena', 'Bridgwater', '+33 (727) 224-8613', 'rbridgwater5@google.com.br', '2007-05-16', 7000000, 6, 9);
insert into subgerente (doc_Subgerente, nombres, apellidos, numero_telefonico, correo_electronico, fecha_nacimiento, salario_mensual, id_Sucursal, id_Sistema_social) values (3347541, 'Norby', 'Witch', '+48 (924) 961-5275', 'nwitch6@ted.com', '2002-11-15', 7000000, 7, 10);
insert into subgerente (doc_Subgerente, nombres, apellidos, numero_telefonico, correo_electronico, fecha_nacimiento, salario_mensual, id_Sucursal, id_Sistema_social) values (4575052, 'Everett', 'Willows', '+389 (332) 834-9761', 'ewillows7@rediff.com', '2004-10-26', 7000000, 8, 2);
insert into subgerente (doc_Subgerente, nombres, apellidos, numero_telefonico, correo_electronico, fecha_nacimiento, salario_mensual, id_Sucursal, id_Sistema_social) values (5039767, 'Wileen', 'Monkhouse', '+51 (263) 182-6479', 'wmonkhouse8@facebook.com', '2004-09-13', 7000000, 9, 1);
insert into subgerente (doc_Subgerente, nombres, apellidos, numero_telefonico, correo_electronico, fecha_nacimiento, salario_mensual, id_Sucursal, id_Sistema_social) values (6844087, 'Nicolle', 'Pigne', '+48 (145) 983-0308', 'npigne9@howstuffworks.com', '2007-09-12', 7000000, 10, 6);

# Empleado Laboral

insert into empleado_laboral (doc_Empleado_laboral, nombres, apellidos, numero_telefonico, direccion, fecha_nacimiento, email, id_tipo_empleado, id_Sucursal, id_Sistema_social) values (8531152, 'Brice', 'Screas', '+992 (700) 762-5881', 'Morrow', '2006-04-13', 'bscreas0@usgs.gov', 5, 3, 9);
insert into empleado_laboral (doc_Empleado_laboral, nombres, apellidos, numero_telefonico, direccion, fecha_nacimiento, email, id_tipo_empleado, id_Sucursal, id_Sistema_social) values (8048256, 'Barnabas', 'Whittall', '+48 (466) 265-7362', 'Cordelia', '2008-12-04', 'bwhittall1@fotki.com', 4, 3, 7);
insert into empleado_laboral (doc_Empleado_laboral, nombres, apellidos, numero_telefonico, direccion, fecha_nacimiento, email, id_tipo_empleado, id_Sucursal, id_Sistema_social) values (8910373, 'Barde', 'Woffinden', '+84 (758) 308-8200', 'Messerschmidt', '2004-10-29', 'bwoffinden2@ca.gov', 2, 2, 2);
insert into empleado_laboral (doc_Empleado_laboral, nombres, apellidos, numero_telefonico, direccion, fecha_nacimiento, email, id_tipo_empleado, id_Sucursal, id_Sistema_social) values (8558403, 'Nanice', 'Linden', '+86 (610) 344-6492', 'Scofield', '2010-04-18', 'nlinden3@istockphoto.com', 5, 3, 4);
insert into empleado_laboral (doc_Empleado_laboral, nombres, apellidos, numero_telefonico, direccion, fecha_nacimiento, email, id_tipo_empleado, id_Sucursal, id_Sistema_social) values (8389410, 'Bailey', 'Venediktov', '+962 (402) 494-1180', 'David', '2003-11-18', 'bvenediktov4@jiathis.com', 7, 5, 1);
insert into empleado_laboral (doc_Empleado_laboral, nombres, apellidos, numero_telefonico, direccion, fecha_nacimiento, email, id_tipo_empleado, id_Sucursal, id_Sistema_social) values (8037811, 'Valerie', 'Marin', '+86 (752) 204-9820', 'Brentwood', '2003-04-01', 'vmarin5@domainmarket.com', 9, 2, 6);
insert into empleado_laboral (doc_Empleado_laboral, nombres, apellidos, numero_telefonico, direccion, fecha_nacimiento, email, id_tipo_empleado, id_Sucursal, id_Sistema_social) values (8406260, 'Vinny', 'Covotti', '+81 (637) 201-4740', 'Glacier Hill', '2005-09-26', 'vcovotti6@hp.com', 5, 9, 2);
insert into empleado_laboral (doc_Empleado_laboral, nombres, apellidos, numero_telefonico, direccion, fecha_nacimiento, email, id_tipo_empleado, id_Sucursal, id_Sistema_social) values (8881476, 'Sallee', 'Crauford', '+7 (802) 659-9247', 'Barby', '2003-10-14', 'scrauford7@aol.com', 10, 10, 8);
insert into empleado_laboral (doc_Empleado_laboral, nombres, apellidos, numero_telefonico, direccion, fecha_nacimiento, email, id_tipo_empleado, id_Sucursal, id_Sistema_social) values (8422906, 'Huntlee', 'Dri', '+234 (728) 558-3510', 'Rockefeller', '2006-01-04', 'hdri8@mtv.com', 1, 6, 2);
insert into empleado_laboral (doc_Empleado_laboral, nombres, apellidos, numero_telefonico, direccion, fecha_nacimiento, email, id_tipo_empleado, id_Sucursal, id_Sistema_social) values (8274607, 'Karol', 'Schimon', '+63 (560) 928-8693', 'Luster', '2004-02-04', 'kschimon9@nps.gov', 2, 9, 1);

# Ruta

insert into ruta (id_Ruta, id_Ciudad_partida, id_Sucursal_llegada) values (1, 1, 6);
insert into ruta (id_Ruta, id_Ciudad_partida, id_Sucursal_llegada) values (2, 3, 2);
insert into ruta (id_Ruta, id_Ciudad_partida, id_Sucursal_llegada) values (3, 10, 3);
insert into ruta (id_Ruta, id_Ciudad_partida, id_Sucursal_llegada) values (4, 9, 7);
insert into ruta (id_Ruta, id_Ciudad_partida, id_Sucursal_llegada) values (5, 1, 7);
insert into ruta (id_Ruta, id_Ciudad_partida, id_Sucursal_llegada) values (6, 2, 6);
insert into ruta (id_Ruta, id_Ciudad_partida, id_Sucursal_llegada) values (7, 7, 1);
insert into ruta (id_Ruta, id_Ciudad_partida, id_Sucursal_llegada) values (8, 10, 4);
insert into ruta (id_Ruta, id_Ciudad_partida, id_Sucursal_llegada) values (9, 3, 8);
insert into ruta (id_Ruta, id_Ciudad_partida, id_Sucursal_llegada) values (10, 7, 3);

# Vehiculo 

insert into vehiculo (id_Vehiculo, placa_vehiculo, marca, fecha_compra, id_Ruta) values (1, 'JN1AZ4EH1EM956445', 'A5', '2022-07-11', 2);
insert into vehiculo (id_Vehiculo, placa_vehiculo, marca, fecha_compra, id_Ruta) values (2, 'WBA3V5C50EP584754', 'Mark LT', '2022-08-05', 9);
insert into vehiculo (id_Vehiculo, placa_vehiculo, marca, fecha_compra, id_Ruta) values (3, 'JM1NC2SF0F0251054', 'Wrangler', '2023-04-17', 3);
insert into vehiculo (id_Vehiculo, placa_vehiculo, marca, fecha_compra, id_Ruta) values (4, '5N1AL0MM9FC236187', 'Sierra', '2022-06-13', 2);
insert into vehiculo (id_Vehiculo, placa_vehiculo, marca, fecha_compra, id_Ruta) values (5, '1G4HE57YX6U422870', 'Corvette', '2022-12-17', 9);
insert into vehiculo (id_Vehiculo, placa_vehiculo, marca, fecha_compra, id_Ruta) values (6, '1N6AF0LX1EN859200', 'A6', '2022-12-12', 5);
insert into vehiculo (id_Vehiculo, placa_vehiculo, marca, fecha_compra, id_Ruta) values (7, 'KNADM4A3XE6411574', 'Eurovan', '2022-11-27', 8);
insert into vehiculo (id_Vehiculo, placa_vehiculo, marca, fecha_compra, id_Ruta) values (8, 'WVGAV3AX9EW130684', 'Aerio', '2023-03-29', 8);
insert into vehiculo (id_Vehiculo, placa_vehiculo, marca, fecha_compra, id_Ruta) values (9, '1G6DJ8E37D0728732', '7 Series', '2022-12-12', 3);
insert into vehiculo (id_Vehiculo, placa_vehiculo, marca, fecha_compra, id_Ruta) values (10, 'YV1902AH2E1026330', 'Range Rover Sport', '2022-09-01', 5);

# Transportador

insert into transportador (doc_Transportador, nombres, numero_telefonico, correo_electronico, fecha_nacimiento, salario_mensual, id_Vehiculo, id_Sistema_social) values (8879167, 'Tanney Robrow', '+46 (453) 581-1798', 'trobrow0@nasa.gov', '2007-04-19', 3000000, 1, 5);
insert into transportador (doc_Transportador, nombres, numero_telefonico, correo_electronico, fecha_nacimiento, salario_mensual, id_Vehiculo, id_Sistema_social) values (8285069, 'Johnath Found', '+234 (373) 190-0206', 'jfound1@diigo.com', '2002-08-30', 3000000, 2, 8);
insert into transportador (doc_Transportador, nombres, numero_telefonico, correo_electronico, fecha_nacimiento, salario_mensual, id_Vehiculo, id_Sistema_social) values (8329252, 'Esra Broyd', '+1 (885) 113-3700', 'ebroyd2@umn.edu', '2006-06-19', 3000000, 3, 4);
insert into transportador (doc_Transportador, nombres, numero_telefonico, correo_electronico, fecha_nacimiento, salario_mensual, id_Vehiculo, id_Sistema_social) values (8971829, 'Ilyse Sivills', '+351 (413) 740-1831', 'isivills3@slideshare.net', '2007-09-23', 3000000, 4, 10);
insert into transportador (doc_Transportador, nombres, numero_telefonico, correo_electronico, fecha_nacimiento, salario_mensual, id_Vehiculo, id_Sistema_social) values (8940141, 'Harman Ramelot', '+381 (841) 110-8178', 'hramelot4@topsy.com', '2002-10-10', 3000000, 5, 4);
insert into transportador (doc_Transportador, nombres, numero_telefonico, correo_electronico, fecha_nacimiento, salario_mensual, id_Vehiculo, id_Sistema_social) values (8779050, 'Micheil Pinkstone', '+1 (605) 213-5585', 'mpinkstone5@webeden.co.uk', '2005-07-03', 3000000, 6, 7);
insert into transportador (doc_Transportador, nombres, numero_telefonico, correo_electronico, fecha_nacimiento, salario_mensual, id_Vehiculo, id_Sistema_social) values (8964700, 'Edyth Claybourn', '+81 (290) 835-9942', 'eclaybourn6@google.nl', '2006-01-18', 3000000, 7, 7);
insert into transportador (doc_Transportador, nombres, numero_telefonico, correo_electronico, fecha_nacimiento, salario_mensual, id_Vehiculo, id_Sistema_social) values (8384503, 'Pernell Ettery', '+62 (390) 661-8119', 'pettery7@sciencedaily.com', '2006-05-21', 3000000, 8, 10);
insert into transportador (doc_Transportador, nombres, numero_telefonico, correo_electronico, fecha_nacimiento, salario_mensual, id_Vehiculo, id_Sistema_social) values (8898957, 'Ilsa Marritt', '+237 (263) 275-2001', 'imarritt8@ameblo.jp', '2005-12-21', 3000000, 9, 10);
insert into transportador (doc_Transportador, nombres, numero_telefonico, correo_electronico, fecha_nacimiento, salario_mensual, id_Vehiculo, id_Sistema_social) values (8327648, 'Maia Giffin', '+86 (752) 658-9714', 'mgiffin9@mapquest.com', '2005-10-02', 3000000, 10, 2);

# Viaje 

insert into viaje (id_Viaje, fecha_partida, fecha_llegada, id_Vehiculo) values (1, '2022-06-08', '2022-12-25', 8);
insert into viaje (id_Viaje, fecha_partida, fecha_llegada, id_Vehiculo) values (2, '2022-06-08', '2023-06-01', 8);
insert into viaje (id_Viaje, fecha_partida, fecha_llegada, id_Vehiculo) values (3, '2022-06-08', '2023-06-27', 8);
insert into viaje (id_Viaje, fecha_partida, fecha_llegada, id_Vehiculo) values (4, '2022-06-08', '2023-02-05', 7);
insert into viaje (id_Viaje, fecha_partida, fecha_llegada, id_Vehiculo) values (5, '2022-06-08', '2023-03-14', 2);
insert into viaje (id_Viaje, fecha_partida, fecha_llegada, id_Vehiculo) values (6, '2022-06-08', '2022-10-01', 10);
insert into viaje (id_Viaje, fecha_partida, fecha_llegada, id_Vehiculo) values (7, '2022-06-08', '2022-11-17', 2);
insert into viaje (id_Viaje, fecha_partida, fecha_llegada, id_Vehiculo) values (8, '2022-06-08', '2023-02-28', 3);
insert into viaje (id_Viaje, fecha_partida, fecha_llegada, id_Vehiculo) values (9, '2022-06-08', '2022-08-20', 3);
insert into viaje (id_Viaje, fecha_partida, fecha_llegada, id_Vehiculo) values (10, '2022-06-08', '2022-08-06', 1);

# Producto

insert into producto (id_Producto, nombre, costo_unitario) values (1, 'Shrimp - 21/25, Peel And Deviened', 48374);
insert into producto (id_Producto, nombre, costo_unitario) values (2, 'Lettuce - Escarole', 22772);
insert into producto (id_Producto, nombre, costo_unitario) values (3, 'Raspberries - Fresh', 10069);
insert into producto (id_Producto, nombre, costo_unitario) values (4, 'Stock - Beef, White', 42212);
insert into producto (id_Producto, nombre, costo_unitario) values (5, 'Sachet', 17379);
insert into producto (id_Producto, nombre, costo_unitario) values (6, 'Paste - Black Olive', 42694);
insert into producto (id_Producto, nombre, costo_unitario) values (7, 'Pasta - Lasagne, Fresh', 26865);
insert into producto (id_Producto, nombre, costo_unitario) values (8, 'Nut - Chestnuts, Whole', 24462);
insert into producto (id_Producto, nombre, costo_unitario) values (9, 'Nori Sea Weed - Gold Label', 35657);
insert into producto (id_Producto, nombre, costo_unitario) values (10, 'Appetizer - Spring Roll, Veg', 20184);

# Viaje - Producto

insert into viaje_has_producto (id_Viaje, id_Producto, cantidad_producto) values (10, 5, 12);
insert into viaje_has_producto (id_Viaje, id_Producto, cantidad_producto) values (3, 7, 17);
insert into viaje_has_producto (id_Viaje, id_Producto, cantidad_producto) values (8, 10, 6);
insert into viaje_has_producto (id_Viaje, id_Producto, cantidad_producto) values (3, 3, 12);
insert into viaje_has_producto (id_Viaje, id_Producto, cantidad_producto) values (1, 2, 13);
insert into viaje_has_producto (id_Viaje, id_Producto, cantidad_producto) values (1, 10, 19);
insert into viaje_has_producto (id_Viaje, id_Producto, cantidad_producto) values (4, 1, 6);
insert into viaje_has_producto (id_Viaje, id_Producto, cantidad_producto) values (9, 4, 13);
insert into viaje_has_producto (id_Viaje, id_Producto, cantidad_producto) values (5, 6, 5);
insert into viaje_has_producto (id_Viaje, id_Producto, cantidad_producto) values (7, 5, 15);

# Sucursal - Producto

insert into sucursal_has_producto (id_Sucursal, id_Producto, canrtidad_disponible) values (9, 4, 18);
insert into sucursal_has_producto (id_Sucursal, id_Producto, canrtidad_disponible) values (9, 9, 14);
insert into sucursal_has_producto (id_Sucursal, id_Producto, canrtidad_disponible) values (4, 6, 9);
insert into sucursal_has_producto (id_Sucursal, id_Producto, canrtidad_disponible) values (3, 2, 9);
insert into sucursal_has_producto (id_Sucursal, id_Producto, canrtidad_disponible) values (4, 5, 14);
insert into sucursal_has_producto (id_Sucursal, id_Producto, canrtidad_disponible) values (10, 8, 11);
insert into sucursal_has_producto (id_Sucursal, id_Producto, canrtidad_disponible) values (2, 1, 15);
insert into sucursal_has_producto (id_Sucursal, id_Producto, canrtidad_disponible) values (10, 1, 18);
insert into sucursal_has_producto (id_Sucursal, id_Producto, canrtidad_disponible) values (2, 7, 20);
insert into sucursal_has_producto (id_Sucursal, id_Producto, canrtidad_disponible) values (7, 3, 12);

# Plato

insert into plato (id_Plato, nombre, valor_unitario) values (1, 'Cholla', 67673);
insert into plato (id_Plato, nombre, valor_unitario) values (2, 'Erect Pricklypear', 55962);
insert into plato (id_Plato, nombre, valor_unitario) values (3, 'Boston Swordfern', 67634);
insert into plato (id_Plato, nombre, valor_unitario) values (4, 'Freckled Milkvetch', 71129);
insert into plato (id_Plato, nombre, valor_unitario) values (5, 'Upright Chickweed', 66127);
insert into plato (id_Plato, nombre, valor_unitario) values (6, 'Threepetal Bedstraw', 69341);
insert into plato (id_Plato, nombre, valor_unitario) values (7, 'Heinemann''s Andreaea Moss', 63791);
insert into plato (id_Plato, nombre, valor_unitario) values (8, 'Cardinal Climber', 78301);
insert into plato (id_Plato, nombre, valor_unitario) values (9, 'Ovateleaf Flatsedge', 69018);
insert into plato (id_Plato, nombre, valor_unitario) values (10, 'Cynometra', 61545);

# Venta

insert into venta (id_Venta, fecha, valor_ganancia, id_Sucursal, doc_Empleado_laboral) values (1, '2022-06-10', 555745, 3, 8558403);
insert into venta (id_Venta, fecha, valor_ganancia, id_Sucursal, doc_Empleado_laboral) values (2, '2022-06-09', 710609, 2, 8274607);
insert into venta (id_Venta, fecha, valor_ganancia, id_Sucursal, doc_Empleado_laboral) values (3, '2022-06-11', 655033, 3, 8037811);
insert into venta (id_Venta, fecha, valor_ganancia, id_Sucursal, doc_Empleado_laboral) values (4, '2022-06-08', 510043, 3, 8881476);
insert into venta (id_Venta, fecha, valor_ganancia, id_Sucursal, doc_Empleado_laboral) values (5, '2022-06-09', 528797, 7, 8558403);
insert into venta (id_Venta, fecha, valor_ganancia, id_Sucursal, doc_Empleado_laboral) values (6, '2022-06-11', 578766, 8, 8558403);
insert into venta (id_Venta, fecha, valor_ganancia, id_Sucursal, doc_Empleado_laboral) values (7, '2022-06-09', 748735, 3, 8037811);
insert into venta (id_Venta, fecha, valor_ganancia, id_Sucursal, doc_Empleado_laboral) values (8, '2022-06-08', 668526, 8, 8037811);
insert into venta (id_Venta, fecha, valor_ganancia, id_Sucursal, doc_Empleado_laboral) values (9, '2022-06-08', 644987, 1, 8531152);
insert into venta (id_Venta, fecha, valor_ganancia, id_Sucursal, doc_Empleado_laboral) values (10, '2022-06-09', 641196, 8, 8037811);

# Venta - Plato 

insert into plato_has_venta (id_Plato, id_Venta, cantidad) values (3, 2, 13);
insert into plato_has_venta (id_Plato, id_Venta, cantidad) values (8, 5, 10);
insert into plato_has_venta (id_Plato, id_Venta, cantidad) values (10, 3, 19);
insert into plato_has_venta (id_Plato, id_Venta, cantidad) values (3, 8, 25);
insert into plato_has_venta (id_Plato, id_Venta, cantidad) values (1, 8, 29);
insert into plato_has_venta (id_Plato, id_Venta, cantidad) values (8, 6, 14);
insert into plato_has_venta (id_Plato, id_Venta, cantidad) values (10, 5, 12);
insert into plato_has_venta (id_Plato, id_Venta, cantidad) values (1, 6, 21);
insert into plato_has_venta (id_Plato, id_Venta, cantidad) values (5, 6, 24);
insert into plato_has_venta (id_Plato, id_Venta, cantidad) values (10, 9, 25);
